[{"unique_id":1254058,"date":"2021-04-09T00:00:00.000Z","dateTimeGMT":"2021-04-09T14:00:00.000Z","team-1":"Mumbai Indians","team-2":"Royal Challengers Bangalore","squad":true,"matchStarted":false,"type":""},{"unique_id":1254059,"date":"2021-04-10T00:00:00.000Z","dateTimeGMT":"2021-04-10T14:00:00.000Z","team-1":"Chennai Super Kings","team-2":"Delhi Capitals","squad":true,"matchStarted":false,"type":""},{"unique_id":1254060,"date":"2021-04-11T00:00:00.000Z","dateTimeGMT":"2021-04-11T14:00:00.000Z","team-1":"Sunrisers Hyderabad","team-2":"Kolkata Knight Riders","squad":true,"matchStarted":false,"type":""},{"unique_id":1254061,"date":"2021-04-12T00:00:00.000Z","dateTimeGMT":"2021-04-12T14:00:00.000Z","team-1":"Rajasthan Royals","team-2":"Kings XI Punjab","squad":true,"matchStarted":false,"type":""},{"unique_id":1254062,"date":"2021-04-13T00:00:00.000Z","dateTimeGMT":"2021-04-13T14:00:00.000Z","team-1":"Kolkata Knight Riders","team-2":"Mumbai Indians","squad":true,"matchStarted":false,"type":""},{"unique_id":1254063,"date":"2021-04-14T00:00:00.000Z","dateTimeGMT":"2021-04-14T14:00:00.000Z","team-1":"Sunrisers Hyderabad","team-2":"Royal Challengers Bangalore","squad":true,"matchStarted":false,"type":""},{"unique_id":1254064,"date":"2021-04-15T00:00:00.000Z","dateTimeGMT":"2021-04-15T14:00:00.000Z","team-1":"Rajasthan Royals","team-2":"Delhi Capitals","squad":true,"matchStarted":false,"type":""},{"unique_id":1254065,"date":"2021-04-16T00:00:00.000Z","dateTimeGMT":"2021-04-16T14:00:00.000Z","team-1":"Kings XI Punjab","team-2":"Chennai Super Kings","squad":true,"matchStarted":false,"type":""},{"unique_id":1254066,"date":"2021-04-17T00:00:00.000Z","dateTimeGMT":"2021-04-17T14:00:00.000Z","team-1":"Mumbai Indians","team-2":"Sunrisers Hyderabad","squad":true,"matchStarted":false,"type":""},{"unique_id":1254068,"date":"2021-04-18T00:00:00.000Z","dateTimeGMT":"2021-04-18T14:00:00.000Z","team-1":"Delhi Capitals","team-2":"Kings XI Punjab","squad":true,"matchStarted":false,"type":""},{"unique_id":1254067,"date":"2021-04-18T00:00:00.000Z","dateTimeGMT":"2021-04-18T10:00:00.000Z","team-1":"Royal Challengers Bangalore","team-2":"Kolkata Knight Riders","squad":true,"matchStarted":false,"type":""},{"unique_id":1254069,"date":"2021-04-19T00:00:00.000Z","dateTimeGMT":"2021-04-19T14:00:00.000Z","team-1":"Chennai Super Kings","team-2":"Rajasthan Royals","squad":true,"matchStarted":false,"type":""},{"unique_id":1254070,"date":"2021-04-20T00:00:00.000Z","dateTimeGMT":"2021-04-20T14:00:00.000Z","team-1":"Delhi Capitals","team-2":"Mumbai Indians","squad":true,"matchStarted":false,"type":""},{"unique_id":1254072,"date":"2021-04-21T00:00:00.000Z","dateTimeGMT":"2021-04-21T14:00:00.000Z","team-1":"Kolkata Knight Riders","team-2":"Chennai Super Kings","squad":true,"matchStarted":false,"type":""},{"unique_id":1254071,"date":"2021-04-21T00:00:00.000Z","dateTimeGMT":"2021-04-21T10:00:00.000Z","team-1":"Kings XI Punjab","team-2":"Sunrisers Hyderabad","squad":true,"matchStarted":false,"type":""},{"unique_id":1254073,"date":"2021-04-22T00:00:00.000Z","dateTimeGMT":"2021-04-22T14:00:00.000Z","team-1":"Royal Challengers Bangalore","team-2":"Rajasthan Royals","squad":true,"matchStarted":false,"type":""},{"unique_id":1254074,"date":"2021-04-23T00:00:00.000Z","dateTimeGMT":"2021-04-23T14:00:00.000Z","team-1":"Kings XI Punjab","team-2":"Mumbai Indians","squad":true,"matchStarted":false,"type":""},{"unique_id":1254075,"date":"2021-04-24T00:00:00.000Z","dateTimeGMT":"2021-04-24T14:00:00.000Z","team-1":"Rajasthan Royals","team-2":"Kolkata Knight Riders","squad":true,"matchStarted":false,"type":""},{"unique_id":1254077,"date":"2021-04-25T00:00:00.000Z","dateTimeGMT":"2021-04-25T14:00:00.000Z","team-1":"Sunrisers Hyderabad","team-2":"Delhi Capitals","squad":true,"matchStarted":false,"type":""},{"unique_id":1254076,"date":"2021-04-25T00:00:00.000Z","dateTimeGMT":"2021-04-25T10:00:00.000Z","team-1":"Chennai Super Kings","team-2":"Royal Challengers Bangalore","squad":true,"matchStarted":false,"type":""},{"unique_id":1254078,"date":"2021-04-26T00:00:00.000Z","dateTimeGMT":"2021-04-26T14:00:00.000Z","team-1":"Kings XI Punjab","team-2":"Kolkata Knight Riders","squad":true,"matchStarted":false,"type":""},{"unique_id":1254079,"date":"2021-04-27T00:00:00.000Z","dateTimeGMT":"2021-04-27T14:00:00.000Z","team-1":"Delhi Capitals","team-2":"Royal Challengers Bangalore","squad":true,"matchStarted":false,"type":""},{"unique_id":1254080,"date":"2021-04-28T00:00:00.000Z","dateTimeGMT":"2021-04-28T14:00:00.000Z","team-1":"Chennai Super Kings","team-2":"Sunrisers Hyderabad","squad":true,"matchStarted":false,"type":""},{"unique_id":1254082,"date":"2021-04-29T00:00:00.000Z","dateTimeGMT":"2021-04-29T14:00:00.000Z","team-1":"Delhi Capitals","team-2":"Kolkata Knight Riders","squad":true,"matchStarted":false,"type":""},{"unique_id":1254081,"date":"2021-04-29T00:00:00.000Z","dateTimeGMT":"2021-04-29T10:00:00.000Z","team-1":"Mumbai Indians","team-2":"Rajasthan Royals","squad":true,"matchStarted":false,"type":""},{"unique_id":1254083,"date":"2021-04-30T00:00:00.000Z","dateTimeGMT":"2021-04-30T14:00:00.000Z","team-1":"Kings XI Punjab","team-2":"Royal Challengers Bangalore","squad":true,"matchStarted":false,"type":""},{"unique_id":1254084,"date":"2021-05-01T00:00:00.000Z","dateTimeGMT":"2021-05-01T14:00:00.000Z","team-1":"Mumbai Indians","team-2":"Chennai Super Kings","squad":true,"matchStarted":false,"type":""},{"unique_id":1254086,"date":"2021-05-02T00:00:00.000Z","dateTimeGMT":"2021-05-02T14:00:00.000Z","team-1":"Kings XI Punjab","team-2":"Delhi Capitals","squad":true,"matchStarted":false,"type":""},{"unique_id":1254085,"date":"2021-05-02T00:00:00.000Z","dateTimeGMT":"2021-05-02T10:00:00.000Z","team-1":"Rajasthan Royals","team-2":"Sunrisers Hyderabad","squad":true,"matchStarted":false,"type":""},{"unique_id":1254087,"date":"2021-05-03T00:00:00.000Z","dateTimeGMT":"2021-05-03T14:00:00.000Z","team-1":"Kolkata Knight Riders","team-2":"Royal Challengers Bangalore","squad":true,"matchStarted":false,"type":""},{"unique_id":1254088,"date":"2021-05-04T00:00:00.000Z","dateTimeGMT":"2021-05-04T14:00:00.000Z","team-1":"Sunrisers Hyderabad","team-2":"Mumbai Indians","squad":true,"matchStarted":false,"type":""},{"unique_id":1254089,"date":"2021-05-05T00:00:00.000Z","dateTimeGMT":"2021-05-05T14:00:00.000Z","team-1":"Rajasthan Royals","team-2":"Chennai Super Kings","squad":true,"matchStarted":false,"type":""},{"unique_id":1254090,"date":"2021-05-06T00:00:00.000Z","dateTimeGMT":"2021-05-06T14:00:00.000Z","team-1":"Royal Challengers Bangalore","team-2":"Kings XI Punjab","squad":true,"matchStarted":false,"type":""},{"unique_id":1254091,"date":"2021-05-07T00:00:00.000Z","dateTimeGMT":"2021-05-07T14:00:00.000Z","team-1":"Sunrisers Hyderabad","team-2":"Chennai Super Kings","squad":true,"matchStarted":false,"type":""},{"unique_id":1254093,"date":"2021-05-08T00:00:00.000Z","dateTimeGMT":"2021-05-08T14:00:00.000Z","team-1":"Rajasthan Royals","team-2":"Mumbai Indians","squad":true,"matchStarted":false,"type":""},{"unique_id":1254092,"date":"2021-05-08T00:00:00.000Z","dateTimeGMT":"2021-05-08T10:00:00.000Z","team-1":"Kolkata Knight Riders","team-2":"Delhi Capitals","squad":true,"matchStarted":false,"type":""},{"unique_id":1254095,"date":"2021-05-09T00:00:00.000Z","dateTimeGMT":"2021-05-09T14:00:00.000Z","team-1":"Royal Challengers Bangalore","team-2":"Sunrisers Hyderabad","squad":true,"matchStarted":false,"type":""},{"unique_id":1254094,"date":"2021-05-09T00:00:00.000Z","dateTimeGMT":"2021-05-09T10:00:00.000Z","team-1":"Chennai Super Kings","team-2":"Kings XI Punjab","squad":true,"matchStarted":false,"type":""},{"unique_id":1254096,"date":"2021-05-10T00:00:00.000Z","dateTimeGMT":"2021-05-10T14:00:00.000Z","team-1":"Mumbai Indians","team-2":"Kolkata Knight Riders","squad":true,"matchStarted":false,"type":""},{"unique_id":1254097,"date":"2021-05-11T00:00:00.000Z","dateTimeGMT":"2021-05-11T14:00:00.000Z","team-1":"Delhi Capitals","team-2":"Rajasthan Royals","squad":true,"matchStarted":false,"type":""},{"unique_id":1254098,"date":"2021-05-12T00:00:00.000Z","dateTimeGMT":"2021-05-12T14:00:00.000Z","team-1":"Chennai Super Kings","team-2":"Kolkata Knight Riders","squad":true,"matchStarted":false,"type":""},{"unique_id":1254100,"date":"2021-05-13T00:00:00.000Z","dateTimeGMT":"2021-05-13T14:00:00.000Z","team-1":"Sunrisers Hyderabad","team-2":"Rajasthan Royals","squad":true,"matchStarted":false,"type":""},{"unique_id":1254099,"date":"2021-05-13T00:00:00.000Z","dateTimeGMT":"2021-05-13T10:00:00.000Z","team-1":"Mumbai Indians","team-2":"Kings XI Punjab","squad":true,"matchStarted":false,"type":""},{"unique_id":1254101,"date":"2021-05-14T00:00:00.000Z","dateTimeGMT":"2021-05-14T14:00:00.000Z","team-1":"Royal Challengers Bangalore","team-2":"Delhi Capitals","squad":true,"matchStarted":false,"type":""},{"unique_id":1254102,"date":"2021-05-15T00:00:00.000Z","dateTimeGMT":"2021-05-15T14:00:00.000Z","team-1":"Kolkata Knight Riders","team-2":"Kings XI Punjab","squad":true,"matchStarted":false,"type":""},{"unique_id":1254104,"date":"2021-05-16T00:00:00.000Z","dateTimeGMT":"2021-05-16T14:00:00.000Z","team-1":"Chennai Super Kings","team-2":"Mumbai Indians","squad":true,"matchStarted":false,"type":""},{"unique_id":1254103,"date":"2021-05-16T00:00:00.000Z","dateTimeGMT":"2021-05-16T10:00:00.000Z","team-1":"Rajasthan Royals","team-2":"Royal Challengers Bangalore","squad":true,"matchStarted":false,"type":""},{"unique_id":1254105,"date":"2021-05-17T00:00:00.000Z","dateTimeGMT":"2021-05-17T14:00:00.000Z","team-1":"Delhi Capitals","team-2":"Sunrisers Hyderabad","squad":true,"matchStarted":false,"type":""},{"unique_id":1254106,"date":"2021-05-18T00:00:00.000Z","dateTimeGMT":"2021-05-18T14:00:00.000Z","team-1":"Kolkata Knight Riders","team-2":"Rajasthan Royals","squad":true,"matchStarted":false,"type":""},{"unique_id":1254107,"date":"2021-05-19T00:00:00.000Z","dateTimeGMT":"2021-05-19T14:00:00.000Z","team-1":"Sunrisers Hyderabad","team-2":"Kings XI Punjab","squad":true,"matchStarted":false,"type":""},{"unique_id":1254108,"date":"2021-05-20T00:00:00.000Z","dateTimeGMT":"2021-05-20T14:00:00.000Z","team-1":"Royal Challengers Bangalore","team-2":"Mumbai Indians","squad":true,"matchStarted":false,"type":""},{"unique_id":1254110,"date":"2021-05-21T00:00:00.000Z","dateTimeGMT":"2021-05-21T14:00:00.000Z","team-1":"Delhi Capitals","team-2":"Chennai Super Kings","squad":true,"matchStarted":false,"type":""},{"unique_id":1254109,"date":"2021-05-21T00:00:00.000Z","dateTimeGMT":"2021-05-21T10:00:00.000Z","team-1":"Kolkata Knight Riders","team-2":"Sunrisers Hyderabad","squad":true,"matchStarted":false,"type":""},{"unique_id":1254111,"date":"2021-05-22T00:00:00.000Z","dateTimeGMT":"2021-05-22T14:00:00.000Z","team-1":"Kings XI Punjab","team-2":"Rajasthan Royals","squad":true,"matchStarted":false,"type":""},{"unique_id":1254113,"date":"2021-05-23T00:00:00.000Z","dateTimeGMT":"2021-05-23T14:00:00.000Z","team-1":"Royal Challengers Bangalore","team-2":"Chennai Super Kings","squad":true,"matchStarted":false,"type":""},{"unique_id":1254112,"date":"2021-05-23T00:00:00.000Z","dateTimeGMT":"2021-05-23T10:00:00.000Z","team-1":"Mumbai Indians","team-2":"Delhi Capitals","squad":true,"matchStarted":false,"type":""}]